set FOREIGN_KEY_CHECKS = 0;
TRUNCATE TABLE `members`;
TRUNCATE TABLE `tag`;
TRUNCATE TABLE `post_tag`;
TRUNCATE TABLE `bookmark`;
TRUNCATE TABLE `file_entity`;
TRUNCATE TABLE `post_file`;
TRUNCATE TABLE `comment`;
TRUNCATE TABLE `follow`;
TRUNCATE TABLE `notification`;
TRUNCATE TABLE `weather_resource`;
TRUNCATE TABLE `notification`;
TRUNCATE TABLE `flower`;
TRUNCATE TABLE `attendance`;
set FOREIGN_KEY_CHECKS = 1;
insert into `file_entity` (`files_id`, `members_id`, `original_name`, `saved_name`, `created_at`) VALUE (4, null, "person1.jpg", "person1.jpg", "2023-02-06");
insert into `file_entity` (`files_id`, `members_id`, `original_name`, `saved_name`, `created_at`) VALUE (5, null, "person2.jpg", "person2.jpg", "2023-02-06");
insert into `file_entity` (`files_id`, `members_id`, `original_name`, `saved_name`, `created_at`) VALUE (6, null, "person3.jpg", "person3.jpg", "2023-02-06");
insert into `file_entity` (`files_id`, `members_id`, `original_name`, `saved_name`, `created_at`) VALUE (7, null, "person4.jpg", "person4.jpg", "2023-02-06");
insert into `file_entity` (`files_id`, `members_id`, `original_name`, `saved_name`, `created_at`) VALUE (8, null, "person5.jpg", "person5.jpg", "2023-02-06");
insert into `file_entity` (`files_id`, `members_id`, `original_name`, `saved_name`, `created_at`) VALUE (9, null, "person6.jpg", "person6.jpg", "2023-02-06");
insert into `members`(`members_id`, `email`, `nickname`, `password`, `provider_type`, `role_type`, `status`, `files_id`) values (1, "seongtae@ssafy.com", "김성태", "{bcrypt}$2a$10$ylOh3Qzw3fkBu2BsC57h7O1nwde37QPyJPbsXVrfJd/w.fQO7SUDi", "LOCAL", "USER", "ACTIVE", 7), (2, "unchang@ssafy.com", "장운창", "{bcrypt}$2a$10$YvzJR5luMH3cLlrOldjmkOKFserNNblove4sKNN58QY2U/ntho3uC", "LOCAL", "USER", "ACTIVE", 6), (3, "onehee@ssafy.com", "조원희", "{bcrypt}$2a$10$0OjQ.QpBPW6691j0GFk8KexqDzhHdo0kYHDBCF568Mn72JbceWQfi", "LOCAL", "ADMIN", "ACTIVE", 9), (4, "juha@ssafy.com", "김주하", "{bcrypt}$2a$10$pRKbaUvE4yctg9pZ8e3xJORr3bljPfjsDyJlCsT5ZnHST2VjWOb26", "LOCAL", "USER", "ACTIVE", 8), (5, "jihwan@ssafy.com", "김지환", "{bcrypt}$2a$10$/1gPZE7GZ4wvSorhpyQpdOGZmis1.Pzz4PgRgwknjIB19p7SIUEd2", "LOCAL", "USER", "ACTIVE", 5), (6, "beomgyu@ssafy.com", "임범규", "{bcrypt}$2a$10$sZjXbB.cp9f1xRy9Ql53juxsUKVnEKIN0nrNyZ8qbhebsumpiXJau", "LOCAL", "USER", "ACTIVE", 4);
insert into `post` (`members_id`, `content`, `weather`) VALUE (4, "드디어 오류를 고쳤다", "SUNNY");
insert into `post` (`members_id`, `content`, `weather`) VALUE (4, "오류가 또 생긴 것 같지만 괜찮다", "CLOUDY");
insert into `post` (`members_id`, `content`, `weather`) VALUE (4, "왜 똑같은 오류인데 안 고쳐지는거야?", "RAINY");
insert into `post` (`members_id`, `content`, `weather`) VALUE (4, "아아 땡긴다", "CLOUDY");
insert into `post` (`members_id`, `content`, `weather`) VALUE (4, "서류 합격했다 와!", "SUNNY");
insert into `post` (`members_id`, `content`, `weather`) VALUE (4, "코테를 잘 본 것 같은데 어떨지 모르겠다", "CLOUDY");
insert into `post` (`members_id`, `content`, `weather`) VALUE (4, "코테 떨어졌다", "RAINY");
insert into `post` (`members_id`, `content`, `weather`) VALUE (4, "안녕하세요 입숨보다 뛰어난 사람숨입니다", "SUNNY");
insert into `post` (`members_id`, `content`, `weather`) VALUE (4, "더미데이터는 왜 필요할까", "CLOUDY");
insert into `post` (`members_id`, `content`, `weather`) VALUE (4, "더미데이터의 뒤로 수많은 개발자의 눈물이 서려있다", "RAINY");
insert into `post` (`members_id`, `content`, `weather`) VALUE (4, "아아 안 땡긴다", "CLOUDY");
insert into `post` (`members_id`, `content`, `weather`) VALUE (4, "딸기라떼 샷 추가", "CLOUDY");
insert into `post` (`members_id`, `content`, `weather`) VALUE (4, "일주일에 7일 출근해서 너무 행복하다", "SUNNY");
insert into `post` (`members_id`, `content`, `weather`) VALUE (4, "오전 9시에 출근해서 퇴근한 적이 없어서 너무 좋다", "SUNNY");
insert into `post` (`members_id`, `content`, `weather`) VALUE (4, "이 글을 보는 여러분 척추를 펴주세요", "CLOUDY");
insert into `post` (`members_id`, `content`, `weather`) VALUE (4, "거북목은 걷잡을 수 없습니다. 지금부터 대비하세요", "CLOUDY");
insert into `post` (`members_id`, `content`, `weather`) VALUE (4, "CORS오류가 발생했다. 원인은 안다. 해결 방법은 모른다. 아잇", "RAINY");
insert into `post` (`members_id`, `content`, `weather`) VALUE (4, "왜 나는 잘 보낸 것 같은데 왜 데이터가 안 들어간다는 것인지 아 진짜", "RAINY");
insert into `post` (`members_id`, `content`, `weather`) VALUE (4, "산X 산X 산X머니 믿으니까 우~ 걱정마세요", "CLOUDY");
insert into `post` (`members_id`, `content`, `weather`) VALUE (4, "삼성 갤럭시 노트북은 무거울 수도 있고 가벼울 수도 있습니다.", "CLOUDY");
insert into `post` (`members_id`, `content`, `weather`) VALUE (4, "공통프로젝트가 드디어 끝났다! 그런데 완성되었다고 하진 않았다!", "SUNNY");
insert into `post` (`members_id`, `content`, `weather`) VALUE (4, "정말 현명한 선택이에요", "SUNNY");
insert into `post` (`members_id`, `content`, `weather`) VALUE (4, "어우 줴가 도와 두륄꽈요?", "SUNNY");
insert into `post` (`members_id`, `content`, `weather`) VALUE (4, "웃겨?", "CLOUDY");
insert into `post` (`members_id`, `content`, `weather`) VALUE (4, "사람이 웃으면 화가나요", "CLOUDY");
insert into `post` (`members_id`, `content`, `weather`) VALUE (4, "너 왜 이렇게 공격적으로 말해", "RAINY");
insert into `post` (`members_id`, `content`, `weather`) VALUE (4, "목이 타요? 불 뿜어봐요 불", "CLOUDY");
insert into `post` (`members_id`, `content`, `weather`) VALUE (4, "푸쳐 핸접~ 겟써 드림 업~", "CLOUDY");
insert into `post` (`members_id`, `content`, `weather`) VALUE (4, "수정했는데 수정한대로 반영이 안 됐어", "CLOUDY");
insert into `tag` (`tag_id`, `tag_name`) VALUE (1, "나이스");
insert into `tag` (`tag_id`, `tag_name`) VALUE (2, "기쁨");
insert into `tag` (`tag_id`, `tag_name`) VALUE (3, "합격");
insert into `tag` (`tag_id`, `tag_name`) VALUE (4, "슬픔");
insert into `tag` (`tag_id`, `tag_name`) VALUE (5, "그저그럼");
insert into `tag` (`tag_id`, `tag_name`) VALUE (6, "보통");
insert into `tag` (`tag_id`, `tag_name`) VALUE (7, "감자");
insert into `tag` (`tag_id`, `tag_name`) VALUE (8, "고구마");
insert into `tag` (`tag_id`, `tag_name`) VALUE (9, "바나나");
insert into `tag` (`tag_id`, `tag_name`) VALUE (10, "수박");
insert into `tag` (`tag_id`, `tag_name`) VALUE (11, "호박");
insert into `tag` (`tag_id`, `tag_name`) VALUE (12, "양파");
insert into `tag` (`tag_id`, `tag_name`) VALUE (13, "마늘");
insert into `tag` (`tag_id`, `tag_name`) VALUE (14, "대파");
insert into `tag` (`tag_id`, `tag_name`) VALUE (15, "쪽파");
insert into `tag` (`tag_id`, `tag_name`) VALUE (16, "대나무");
insert into `tag` (`tag_id`, `tag_name`) VALUE (17, "소나무");
insert into `tag` (`tag_id`, `tag_name`) VALUE (18, "감나무");
insert into `tag` (`tag_id`, `tag_name`) VALUE (19, "점심");
insert into `tag` (`tag_id`, `tag_name`) VALUE (20, "저녁");
insert into `post_tag` (`post_tag_id`, `tag_id`, `post_id`) VALUE (1, 1, 1);
insert into `post_tag` (`post_tag_id`, `tag_id`, `post_id`) VALUE (2, 1, 2);
insert into `post_tag` (`post_tag_id`, `tag_id`, `post_id`) VALUE (3, 1, 3);
insert into `post_tag` (`post_tag_id`, `tag_id`, `post_id`) VALUE (4, 2, 1);
insert into `post_tag` (`post_tag_id`, `tag_id`, `post_id`) VALUE (5, 2, 3);
insert into `post_tag` (`post_tag_id`, `tag_id`, `post_id`) VALUE (6, 3, 1);
insert into `post_tag` (`post_tag_id`, `tag_id`, `post_id`) VALUE (7, 4, 5);
insert into `post_tag` (`post_tag_id`, `tag_id`, `post_id`) VALUE (8, 4, 6);
insert into `post_tag` (`post_tag_id`, `tag_id`, `post_id`) VALUE (9, 5, 7);
insert into `post_tag` (`post_tag_id`, `tag_id`, `post_id`) VALUE (10, 6, 7);
insert into `bookmark` (`bookmark_id`, `members_id`, `post_id`) VALUE (1, 4, 1);
insert into `bookmark` (`bookmark_id`, `members_id`, `post_id`) VALUE (2, 4, 2);
insert into `bookmark` (`bookmark_id`, `members_id`, `post_id`) VALUE (3, 1, 3);
insert into `bookmark` (`bookmark_id`, `members_id`, `post_id`) VALUE (4, 2, 1);
insert into `bookmark` (`bookmark_id`, `members_id`, `post_id`) VALUE (5, 2, 3);
insert into `bookmark` (`bookmark_id`, `members_id`, `post_id`) VALUE (6, 3, 1);
insert into `bookmark` (`bookmark_id`, `members_id`, `post_id`) VALUE (7, 3, 2);
insert into `bookmark` (`bookmark_id`, `members_id`, `post_id`) VALUE (8, 3, 4);
insert into `bookmark` (`bookmark_id`, `members_id`, `post_id`) VALUE (9, 4, 3);
insert into `bookmark` (`bookmark_id`, `members_id`, `post_id`) VALUE (10, 4, 4);
insert into `bookmark` (`bookmark_id`, `members_id`, `post_id`) VALUE (11, 5, 3);
insert into `bookmark` (`bookmark_id`, `members_id`, `post_id`) VALUE (12, 5, 4);
insert into `bookmark` (`bookmark_id`, `members_id`, `post_id`) VALUE (13, 4, 5);
insert into `file_entity` (`files_id`, `members_id`, `original_name`, `saved_name`, `created_at`) VALUE (1, 1, "test1.jpg", "test1.jpg", "2023-02-05");
insert into `file_entity` (`files_id`, `members_id`, `original_name`, `saved_name`, `created_at`) VALUE (2, 1, "test2.jpg", "test2.jpg", "2023-02-05");
insert into `file_entity` (`files_id`, `members_id`, `original_name`, `saved_name`, `created_at`) VALUE (3, 1, "test3.jpg", "test3.jpg", "2023-02-05");
insert into `post_file` (`post_file_id`, `files_id`, `post_id`) VALUE (1, 1, 1);
insert into `post_file` (`post_file_id`, `files_id`, `post_id`) VALUE (2, 2, 1);
insert into `post_file` (`post_file_id`, `files_id`, `post_id`) VALUE (3, 3, 1);
insert into `post_file` (`post_file_id`, `files_id`, `post_id`) VALUE (4, 1, 2);
insert into `post_file` (`post_file_id`, `files_id`, `post_id`) VALUE (5, 2, 2);
insert into `post_file` (`post_file_id`, `files_id`, `post_id`) VALUE (6, 3, 3);
insert into `comment` (`comment_id`, `post_id`, `par_comment_id`, `pri_comment_id`, `members_id`, `content`) VALUE (1, 1, null, null, 1, "안녕하세요");
insert into `comment` (`comment_id`, `post_id`, `par_comment_id`, `pri_comment_id`, `members_id`, `content`) VALUE (2, 1, null, 1, 2, "ㅋㅋㅋㅋㅋㅋㅋㅋㅋㅋㅋㅋㅋㅋㅋㅋㅋㅋㅋㅋ");
insert into `comment` (`comment_id`, `post_id`, `par_comment_id`, `pri_comment_id`, `members_id`, `content`) VALUE (3, 1, null, 1, 3, "어쩔티비");
insert into `comment` (`comment_id`, `post_id`, `par_comment_id`, `pri_comment_id`, `members_id`, `content`) VALUE (4, 1, null, null, 4, "뭐임?");
insert into `comment` (`comment_id`, `post_id`, `par_comment_id`, `pri_comment_id`, `members_id`, `content`) VALUE (5, 1, null, 1, 5, "저쩔티비");
insert into `comment` (`comment_id`, `post_id`, `par_comment_id`, `pri_comment_id`, `members_id`, `content`) VALUE (6, 1, null, 4, 6, "메롱");
insert into `comment` (`comment_id`, `post_id`, `par_comment_id`, `pri_comment_id`, `members_id`, `content`) VALUE (7, 1, null, 4, 1, "ㅗㅗ");
insert into `comment` (`comment_id`, `post_id`, `par_comment_id`, `pri_comment_id`, `members_id`, `content`) VALUE (8, 1, null, null, 2, "광고 삭제좀");
insert into `comment` (`comment_id`, `post_id`, `par_comment_id`, `pri_comment_id`, `members_id`, `content`) VALUE (9, 1, null, 8, 3, "광고 에반데");
insert into `comment` (`comment_id`, `post_id`, `par_comment_id`, `pri_comment_id`, `members_id`, `content`) VALUE (10, 1, null, 8, 4, "광고 뭐임");
insert into `follow` (`follow_id`, `owner_id`, `follower_id`) value (1, 1, 2);
insert into `follow` (`follow_id`, `owner_id`, `follower_id`) value (2, 1, 3);
insert into `follow` (`follow_id`, `owner_id`, `follower_id`) value (3, 1, 4);
insert into `follow` (`follow_id`, `owner_id`, `follower_id`) value (4, 1, 5);
insert into `follow` (`follow_id`, `owner_id`, `follower_id`) value (5, 2, 3);
insert into `follow` (`follow_id`, `owner_id`, `follower_id`) value (6, 3, 4);
insert into `weather_resource` (`weather_id`, `owner_id`, `contributor_id`, `weather_type`) VALUE (1, 4, 1, "SUNNY");
insert into `weather_resource` (`weather_id`, `owner_id`, `contributor_id`, `weather_type`) VALUE (2, 4, 1, "RAINY");
insert into `weather_resource` (`weather_id`, `owner_id`, `contributor_id`, `weather_type`) VALUE (3, 4, 1, "SUNNY");
insert into `weather_resource` (`weather_id`, `owner_id`, `contributor_id`, `weather_type`) VALUE (4, 4, 1, "RAINY");
insert into `weather_resource` (`weather_id`, `owner_id`, `contributor_id`, `weather_type`) VALUE (5, 4, 1, "SUNNY");
insert into `weather_resource` (`weather_id`, `owner_id`, `contributor_id`, `weather_type`) VALUE (6, 4, 1, "RAINY");
insert into `weather_resource` (`weather_id`, `owner_id`, `contributor_id`, `weather_type`) VALUE (7, 4, 1, "SUNNY");
insert into `weather_resource` (`weather_id`, `owner_id`, `contributor_id`, `weather_type`) VALUE (8, 4, 1, "RAINY");
insert into `weather_resource` (`weather_id`, `owner_id`, `contributor_id`, `weather_type`) VALUE (9, 4, 1, "SUNNY");
insert into `weather_resource` (`weather_id`, `owner_id`, `contributor_id`, `weather_type`) VALUE (10, 4, 1, "RAINY");
insert into `weather_resource` (`weather_id`, `owner_id`, `contributor_id`, `weather_type`) VALUE (11, 4, 1, "SUNNY");
insert into `weather_resource` (`weather_id`, `owner_id`, `contributor_id`, `weather_type`) VALUE (12, 4, 1, "RAINY");
insert into `weather_resource` (`weather_id`, `owner_id`, `contributor_id`, `weather_type`) VALUE (13, 4, 1, "SUNNY");
insert into `weather_resource` (`weather_id`, `owner_id`, `contributor_id`, `weather_type`) VALUE (14, 4, 1, "RAINY");
insert into `weather_resource` (`weather_id`, `owner_id`, `contributor_id`, `weather_type`) VALUE (15, 4, 1, "SUNNY");
insert into `weather_resource` (`weather_id`, `owner_id`, `contributor_id`, `weather_type`) VALUE (16, 4, 1, "RAINY");
insert into `weather_resource` (`weather_id`, `owner_id`, `contributor_id`, `weather_type`) VALUE (17, 4, 1, "SUNNY");
insert into `weather_resource` (`weather_id`, `owner_id`, `contributor_id`, `weather_type`) VALUE (18, 4, 1, "RAINY");
insert into `weather_resource` (`weather_id`, `owner_id`, `contributor_id`, `weather_type`) VALUE (19, 4, 1, "SUNNY");
insert into `weather_resource` (`weather_id`, `owner_id`, `contributor_id`, `weather_type`) VALUE (20, 4, 1, "RAINY");
insert into `weather_resource` (`weather_id`, `owner_id`, `contributor_id`, `weather_type`) VALUE (21, 4, 1, "SUNNY");
insert into `weather_resource` (`weather_id`, `owner_id`, `contributor_id`, `weather_type`) VALUE (22, 4, 1, "RAINY");
insert into `weather_resource` (`weather_id`, `owner_id`, `contributor_id`, `weather_type`) VALUE (23, 4, 1, "SUNNY");
insert into `weather_resource` (`weather_id`, `owner_id`, `contributor_id`, `weather_type`) VALUE (24, 4, 1, "RAINY");
insert into `weather_resource` (`weather_id`, `owner_id`, `contributor_id`, `weather_type`) VALUE (25, 4, 1, "SUNNY");
insert into `weather_resource` (`weather_id`, `owner_id`, `contributor_id`, `weather_type`) VALUE (26, 4, 1, "RAINY");
insert into `weather_resource` (`weather_id`, `owner_id`, `contributor_id`, `weather_type`) VALUE (27, 4, 1, "SUNNY");
insert into `weather_resource` (`weather_id`, `owner_id`, `contributor_id`, `weather_type`) VALUE (28, 4, 1, "RAINY");
insert into `weather_resource` (`weather_id`, `owner_id`, `contributor_id`, `weather_type`) VALUE (29, 4, 1, "SUNNY");
insert into `weather_resource` (`weather_id`, `owner_id`, `contributor_id`, `weather_type`) VALUE (30, 4, 1, "RAINY");
insert into `weather_resource` (`weather_id`, `owner_id`, `contributor_id`, `weather_type`) VALUE (31, 4, 1, "SUNNY");
insert into `weather_resource` (`weather_id`, `owner_id`, `contributor_id`, `weather_type`) VALUE (32, 4, 1, "RAINY");
insert into `weather_resource` (`weather_id`, `owner_id`, `contributor_id`, `weather_type`) VALUE (33, 4, 1, "SUNNY");
insert into `weather_resource` (`weather_id`, `owner_id`, `contributor_id`, `weather_type`) VALUE (34, 4, 1, "RAINY");
insert into `weather_resource` (`weather_id`, `owner_id`, `contributor_id`, `weather_type`) VALUE (35, 4, 1, "SUNNY");
insert into `weather_resource` (`weather_id`, `owner_id`, `contributor_id`, `weather_type`) VALUE (36, 4, 1, "RAINY");
insert into `weather_resource` (`weather_id`, `owner_id`, `contributor_id`, `weather_type`) VALUE (37, 4, 1, "SUNNY");
insert into `weather_resource` (`weather_id`, `owner_id`, `contributor_id`, `weather_type`) VALUE (38, 4, 1, "RAINY");
insert into `weather_resource` (`weather_id`, `owner_id`, `contributor_id`, `weather_type`) VALUE (39, 4, 1, "SUNNY");
insert into `weather_resource` (`weather_id`, `owner_id`, `contributor_id`, `weather_type`) VALUE (40, 4, 1, "RAINY");
insert into `weather_resource` (`weather_id`, `owner_id`, `contributor_id`, `weather_type`) VALUE (41, 4, 1, "SUNNY");
insert into `weather_resource` (`weather_id`, `owner_id`, `contributor_id`, `weather_type`) VALUE (42, 4, 1, "RAINY");
insert into `weather_resource` (`weather_id`, `owner_id`, `contributor_id`, `weather_type`) VALUE (43, 4, 1, "SUNNY");
insert into `weather_resource` (`weather_id`, `owner_id`, `contributor_id`, `weather_type`) VALUE (44, 4, 1, "RAINY");
insert into `weather_resource` (`weather_id`, `owner_id`, `contributor_id`, `weather_type`) VALUE (45, 4, 1, "SUNNY");
insert into `weather_resource` (`weather_id`, `owner_id`, `contributor_id`, `weather_type`) VALUE (46, 4, 1, "RAINY");
insert into `weather_resource` (`weather_id`, `owner_id`, `contributor_id`, `weather_type`) VALUE (47, 4, 1, "SUNNY");
insert into `weather_resource` (`weather_id`, `owner_id`, `contributor_id`, `weather_type`) VALUE (48, 4, 1, "RAINY");
insert into `weather_resource` (`weather_id`, `owner_id`, `contributor_id`, `weather_type`) VALUE (49, 4, 1, "SUNNY");
insert into `weather_resource` (`weather_id`, `owner_id`, `contributor_id`, `weather_type`) VALUE (50, 4, 1, "RAINY");
insert into `weather_resource` (`weather_id`, `owner_id`, `contributor_id`, `weather_type`) VALUE (51, 4, 1, "SUNNY");
insert into `weather_resource` (`weather_id`, `owner_id`, `contributor_id`, `weather_type`) VALUE (52, 4, 1, "RAINY");
insert into `weather_resource` (`weather_id`, `owner_id`, `contributor_id`, `weather_type`) VALUE (53, 4, 1, "SUNNY");
insert into `weather_resource` (`weather_id`, `owner_id`, `contributor_id`, `weather_type`) VALUE (54, 4, 1, "RAINY");
insert into `weather_resource` (`weather_id`, `owner_id`, `contributor_id`, `weather_type`) VALUE (55, 4, 1, "SUNNY");
insert into `weather_resource` (`weather_id`, `owner_id`, `contributor_id`, `weather_type`) VALUE (56, 4, 1, "RAINY");
insert into `weather_resource` (`weather_id`, `owner_id`, `contributor_id`, `weather_type`) VALUE (57, 4, 1, "SUNNY");
insert into `weather_resource` (`weather_id`, `owner_id`, `contributor_id`, `weather_type`) VALUE (58, 4, 1, "RAINY");
insert into `weather_resource` (`weather_id`, `owner_id`, `contributor_id`, `weather_type`) VALUE (59, 4, 1, "SUNNY");
insert into `weather_resource` (`weather_id`, `owner_id`, `contributor_id`, `weather_type`) VALUE (60, 4, 1, "RAINY");
insert into `weather_resource` (`weather_id`, `owner_id`, `contributor_id`, `weather_type`) VALUE (61, 4, 1, "SUNNY");
insert into `weather_resource` (`weather_id`, `owner_id`, `contributor_id`, `weather_type`) VALUE (62, 4, 1, "RAINY");
insert into `weather_resource` (`weather_id`, `owner_id`, `contributor_id`, `weather_type`) VALUE (63, 4, 1, "SUNNY");
insert into `weather_resource` (`weather_id`, `owner_id`, `contributor_id`, `weather_type`) VALUE (64, 4, 1, "RAINY");
insert into `weather_resource` (`weather_id`, `owner_id`, `contributor_id`, `weather_type`) VALUE (65, 4, 1, "SUNNY");
insert into `weather_resource` (`weather_id`, `owner_id`, `contributor_id`, `weather_type`) VALUE (66, 4, 1, "RAINY");
insert into `weather_resource` (`weather_id`, `owner_id`, `contributor_id`, `weather_type`) VALUE (67, 4, 1, "SUNNY");
insert into `weather_resource` (`weather_id`, `owner_id`, `contributor_id`, `weather_type`) VALUE (68, 4, 1, "RAINY");
insert into `weather_resource` (`weather_id`, `owner_id`, `contributor_id`, `weather_type`) VALUE (69, 4, 1, "SUNNY");
insert into `weather_resource` (`weather_id`, `owner_id`, `contributor_id`, `weather_type`) VALUE (70, 4, 1, "RAINY");
insert into `weather_resource` (`weather_id`, `owner_id`, `contributor_id`, `weather_type`) VALUE (71, 4, 1, "SUNNY");
insert into `weather_resource` (`weather_id`, `owner_id`, `contributor_id`, `weather_type`) VALUE (72, 4, 1, "RAINY");
insert into `weather_resource` (`weather_id`, `owner_id`, `contributor_id`, `weather_type`) VALUE (73, 4, 1, "SUNNY");
insert into `weather_resource` (`weather_id`, `owner_id`, `contributor_id`, `weather_type`) VALUE (74, 4, 1, "RAINY");
insert into `weather_resource` (`weather_id`, `owner_id`, `contributor_id`, `weather_type`) VALUE (75, 4, 1, "SUNNY");
insert into `weather_resource` (`weather_id`, `owner_id`, `contributor_id`, `weather_type`) VALUE (76, 4, 1, "RAINY");
insert into `weather_resource` (`weather_id`, `owner_id`, `contributor_id`, `weather_type`) VALUE (77, 4, 1, "SUNNY");
insert into `weather_resource` (`weather_id`, `owner_id`, `contributor_id`, `weather_type`) VALUE (78, 4, 1, "RAINY");
insert into `weather_resource` (`weather_id`, `owner_id`, `contributor_id`, `weather_type`) VALUE (79, 4, 1, "SUNNY");
insert into `weather_resource` (`weather_id`, `owner_id`, `contributor_id`, `weather_type`) VALUE (80, 4, 1, "RAINY");
insert into `weather_resource` (`weather_id`, `owner_id`, `contributor_id`, `weather_type`) VALUE (81, 4, 1, "SUNNY");
insert into `weather_resource` (`weather_id`, `owner_id`, `contributor_id`, `weather_type`) VALUE (82, 4, 1, "RAINY");
insert into `weather_resource` (`weather_id`, `owner_id`, `contributor_id`, `weather_type`) VALUE (83, 4, 1, "SUNNY");
insert into `weather_resource` (`weather_id`, `owner_id`, `contributor_id`, `weather_type`) VALUE (84, 4, 1, "RAINY");
insert into `weather_resource` (`weather_id`, `owner_id`, `contributor_id`, `weather_type`) VALUE (85, 4, 1, "SUNNY");
insert into `weather_resource` (`weather_id`, `owner_id`, `contributor_id`, `weather_type`) VALUE (86, 4, 1, "RAINY");
insert into `weather_resource` (`weather_id`, `owner_id`, `contributor_id`, `weather_type`) VALUE (87, 4, 1, "SUNNY");
insert into `weather_resource` (`weather_id`, `owner_id`, `contributor_id`, `weather_type`) VALUE (88, 4, 1, "RAINY");
insert into `weather_resource` (`weather_id`, `owner_id`, `contributor_id`, `weather_type`) VALUE (89, 4, 1, "SUNNY");
insert into `weather_resource` (`weather_id`, `owner_id`, `contributor_id`, `weather_type`) VALUE (90, 4, 1, "RAINY");
insert into `weather_resource` (`weather_id`, `owner_id`, `contributor_id`, `weather_type`) VALUE (91, 4, 1, "SUNNY");
insert into `weather_resource` (`weather_id`, `owner_id`, `contributor_id`, `weather_type`) VALUE (92, 4, 1, "RAINY");
insert into `weather_resource` (`weather_id`, `owner_id`, `contributor_id`, `weather_type`) VALUE (93, 4, 1, "SUNNY");
insert into `weather_resource` (`weather_id`, `owner_id`, `contributor_id`, `weather_type`) VALUE (94, 4, 1, "RAINY");
insert into `weather_resource` (`weather_id`, `owner_id`, `contributor_id`, `weather_type`) VALUE (95, 4, 1, "SUNNY");
insert into `weather_resource` (`weather_id`, `owner_id`, `contributor_id`, `weather_type`) VALUE (96, 4, 1, "RAINY");
insert into `weather_resource` (`weather_id`, `owner_id`, `contributor_id`, `weather_type`) VALUE (97, 4, 1, "SUNNY");
insert into `weather_resource` (`weather_id`, `owner_id`, `contributor_id`, `weather_type`) VALUE (98, 4, 1, "RAINY");
insert into `weather_resource` (`weather_id`, `owner_id`, `contributor_id`, `weather_type`) VALUE (99, 4, 1, "SUNNY");
insert into `weather_resource` (`weather_id`, `owner_id`, `contributor_id`, `weather_type`) VALUE (100, 4, 1, "RAINY");
insert into `weather_resource` (`weather_id`, `owner_id`, `contributor_id`, `weather_type`) VALUE (101, 4, 1, "SUNNY");
insert into `weather_resource` (`weather_id`, `owner_id`, `contributor_id`, `weather_type`) VALUE (102, 4, 1, "RAINY");
insert into `weather_resource` (`weather_id`, `owner_id`, `contributor_id`, `weather_type`) VALUE (103, 4, 1, "SUNNY");
insert into `weather_resource` (`weather_id`, `owner_id`, `contributor_id`, `weather_type`) VALUE (104, 4, 1, "RAINY");
insert into `weather_resource` (`weather_id`, `owner_id`, `contributor_id`, `weather_type`) VALUE (105, 4, 1, "SUNNY");
insert into `weather_resource` (`weather_id`, `owner_id`, `contributor_id`, `weather_type`) VALUE (106, 4, 1, "RAINY");
insert into `weather_resource` (`weather_id`, `owner_id`, `contributor_id`, `weather_type`) VALUE (107, 4, 1, "SUNNY");
insert into `weather_resource` (`weather_id`, `owner_id`, `contributor_id`, `weather_type`) VALUE (108, 4, 1, "RAINY");
insert into `weather_resource` (`weather_id`, `owner_id`, `contributor_id`, `weather_type`) VALUE (109, 4, 1, "SUNNY");
insert into `weather_resource` (`weather_id`, `owner_id`, `contributor_id`, `weather_type`) VALUE (110, 4, 1, "RAINY");
insert into `weather_resource` (`weather_id`, `owner_id`, `contributor_id`, `weather_type`) VALUE (111, 4, 1, "SUNNY");
insert into `weather_resource` (`weather_id`, `owner_id`, `contributor_id`, `weather_type`) VALUE (112, 4, 1, "RAINY");
insert into `weather_resource` (`weather_id`, `owner_id`, `contributor_id`, `weather_type`) VALUE (113, 4, 1, "SUNNY");
insert into `weather_resource` (`weather_id`, `owner_id`, `contributor_id`, `weather_type`) VALUE (114, 4, 1, "RAINY");
insert into `weather_resource` (`weather_id`, `owner_id`, `contributor_id`, `weather_type`) VALUE (115, 4, 1, "SUNNY");
insert into `weather_resource` (`weather_id`, `owner_id`, `contributor_id`, `weather_type`) VALUE (116, 4, 1, "RAINY");
insert into `weather_resource` (`weather_id`, `owner_id`, `contributor_id`, `weather_type`) VALUE (117, 4, 1, "SUNNY");
insert into `weather_resource` (`weather_id`, `owner_id`, `contributor_id`, `weather_type`) VALUE (118, 4, 1, "RAINY");
insert into `weather_resource` (`weather_id`, `owner_id`, `contributor_id`, `weather_type`) VALUE (119, 4, 1, "SUNNY");
insert into `weather_resource` (`weather_id`, `owner_id`, `contributor_id`, `weather_type`) VALUE (120, 4, 1, "RAINY");
insert into `weather_resource` (`weather_id`, `owner_id`, `contributor_id`, `weather_type`) VALUE (121, 4, 1, "SUNNY");
insert into `weather_resource` (`weather_id`, `owner_id`, `contributor_id`, `weather_type`) VALUE (122, 4, 1, "RAINY");
insert into `weather_resource` (`weather_id`, `owner_id`, `contributor_id`, `weather_type`) VALUE (123, 4, 1, "SUNNY");
insert into `weather_resource` (`weather_id`, `owner_id`, `contributor_id`, `weather_type`) VALUE (124, 4, 1, "RAINY");
insert into `weather_resource` (`weather_id`, `owner_id`, `contributor_id`, `weather_type`) VALUE (125, 4, 1, "SUNNY");
insert into `weather_resource` (`weather_id`, `owner_id`, `contributor_id`, `weather_type`) VALUE (126, 4, 1, "RAINY");
insert into `weather_resource` (`weather_id`, `owner_id`, `contributor_id`, `weather_type`) VALUE (127, 4, 1, "SUNNY");
insert into `weather_resource` (`weather_id`, `owner_id`, `contributor_id`, `weather_type`) VALUE (128, 4, 1, "RAINY");
insert into `weather_resource` (`weather_id`, `owner_id`, `contributor_id`, `weather_type`) VALUE (129, 4, 1, "SUNNY");
insert into `weather_resource` (`weather_id`, `owner_id`, `contributor_id`, `weather_type`) VALUE (130, 4, 1, "RAINY");
insert into `weather_resource` (`weather_id`, `owner_id`, `contributor_id`, `weather_type`) VALUE (131, 4, 1, "SUNNY");
insert into `weather_resource` (`weather_id`, `owner_id`, `contributor_id`, `weather_type`) VALUE (132, 4, 1, "RAINY");
insert into `weather_resource` (`weather_id`, `owner_id`, `contributor_id`, `weather_type`) VALUE (133, 4, 1, "SUNNY");
insert into `weather_resource` (`weather_id`, `owner_id`, `contributor_id`, `weather_type`) VALUE (134, 4, 1, "RAINY");
insert into `weather_resource` (`weather_id`, `owner_id`, `contributor_id`, `weather_type`) VALUE (135, 4, 1, "SUNNY");
insert into `weather_resource` (`weather_id`, `owner_id`, `contributor_id`, `weather_type`) VALUE (136, 4, 1, "RAINY");
insert into `weather_resource` (`weather_id`, `owner_id`, `contributor_id`, `weather_type`) VALUE (137, 4, 1, "SUNNY");
insert into `weather_resource` (`weather_id`, `owner_id`, `contributor_id`, `weather_type`) VALUE (138, 4, 1, "RAINY");
insert into `weather_resource` (`weather_id`, `owner_id`, `contributor_id`, `weather_type`) VALUE (139, 4, 1, "SUNNY");
insert into `weather_resource` (`weather_id`, `owner_id`, `contributor_id`, `weather_type`) VALUE (140, 4, 1, "RAINY");
insert into `weather_resource` (`weather_id`, `owner_id`, `contributor_id`, `weather_type`) VALUE (141, 4, 1, "SUNNY");
insert into `weather_resource` (`weather_id`, `owner_id`, `contributor_id`, `weather_type`) VALUE (142, 4, 1, "RAINY");
insert into `weather_resource` (`weather_id`, `owner_id`, `contributor_id`, `weather_type`) VALUE (143, 4, 1, "SUNNY");
insert into `weather_resource` (`weather_id`, `owner_id`, `contributor_id`, `weather_type`) VALUE (144, 4, 1, "RAINY");
insert into `weather_resource` (`weather_id`, `owner_id`, `contributor_id`, `weather_type`) VALUE (145, 4, 1, "SUNNY");
insert into `weather_resource` (`weather_id`, `owner_id`, `contributor_id`, `weather_type`) VALUE (146, 4, 1, "RAINY");
insert into `weather_resource` (`weather_id`, `owner_id`, `contributor_id`, `weather_type`) VALUE (147, 4, 1, "SUNNY");
insert into `weather_resource` (`weather_id`, `owner_id`, `contributor_id`, `weather_type`) VALUE (148, 4, 1, "RAINY");
insert into `weather_resource` (`weather_id`, `owner_id`, `contributor_id`, `weather_type`) VALUE (149, 4, 1, "SUNNY");
insert into `weather_resource` (`weather_id`, `owner_id`, `contributor_id`, `weather_type`) VALUE (150, 4, 1, "RAINY");
insert into `weather_resource` (`weather_id`, `owner_id`, `contributor_id`, `weather_type`) VALUE (151, 4, 1, "SUNNY");
insert into `weather_resource` (`weather_id`, `owner_id`, `contributor_id`, `weather_type`) VALUE (152, 4, 1, "RAINY");
insert into `weather_resource` (`weather_id`, `owner_id`, `contributor_id`, `weather_type`) VALUE (153, 4, 1, "SUNNY");
insert into `weather_resource` (`weather_id`, `owner_id`, `contributor_id`, `weather_type`) VALUE (154, 4, 1, "RAINY");
insert into `weather_resource` (`weather_id`, `owner_id`, `contributor_id`, `weather_type`) VALUE (155, 4, 1, "SUNNY");
insert into `weather_resource` (`weather_id`, `owner_id`, `contributor_id`, `weather_type`) VALUE (156, 4, 1, "RAINY");
insert into `weather_resource` (`weather_id`, `owner_id`, `contributor_id`, `weather_type`) VALUE (157, 4, 1, "SUNNY");
insert into `weather_resource` (`weather_id`, `owner_id`, `contributor_id`, `weather_type`) VALUE (158, 4, 1, "RAINY");
insert into `weather_resource` (`weather_id`, `owner_id`, `contributor_id`, `weather_type`) VALUE (159, 4, 1, "SUNNY");
insert into `weather_resource` (`weather_id`, `owner_id`, `contributor_id`, `weather_type`) VALUE (160, 4, 1, "RAINY");
insert into `weather_resource` (`weather_id`, `owner_id`, `contributor_id`, `weather_type`) VALUE (161, 4, 1, "SUNNY");
insert into `weather_resource` (`weather_id`, `owner_id`, `contributor_id`, `weather_type`) VALUE (162, 4, 1, "RAINY");
insert into `weather_resource` (`weather_id`, `owner_id`, `contributor_id`, `weather_type`) VALUE (163, 4, 1, "SUNNY");
insert into `weather_resource` (`weather_id`, `owner_id`, `contributor_id`, `weather_type`) VALUE (164, 4, 1, "RAINY");
insert into `weather_resource` (`weather_id`, `owner_id`, `contributor_id`, `weather_type`) VALUE (165, 4, 1, "SUNNY");
insert into `weather_resource` (`weather_id`, `owner_id`, `contributor_id`, `weather_type`) VALUE (166, 4, 1, "RAINY");
insert into `weather_resource` (`weather_id`, `owner_id`, `contributor_id`, `weather_type`) VALUE (167, 4, 1, "SUNNY");
insert into `weather_resource` (`weather_id`, `owner_id`, `contributor_id`, `weather_type`) VALUE (168, 4, 1, "RAINY");
insert into `weather_resource` (`weather_id`, `owner_id`, `contributor_id`, `weather_type`) VALUE (169, 4, 1, "SUNNY");
insert into `weather_resource` (`weather_id`, `owner_id`, `contributor_id`, `weather_type`) VALUE (170, 4, 1, "RAINY");
insert into `weather_resource` (`weather_id`, `owner_id`, `contributor_id`, `weather_type`) VALUE (171, 4, 1, "SUNNY");
insert into `weather_resource` (`weather_id`, `owner_id`, `contributor_id`, `weather_type`) VALUE (172, 4, 1, "RAINY");
insert into `weather_resource` (`weather_id`, `owner_id`, `contributor_id`, `weather_type`) VALUE (173, 4, 1, "SUNNY");
insert into `weather_resource` (`weather_id`, `owner_id`, `contributor_id`, `weather_type`) VALUE (174, 4, 1, "RAINY");
insert into `weather_resource` (`weather_id`, `owner_id`, `contributor_id`, `weather_type`) VALUE (175, 4, 1, "SUNNY");
insert into `weather_resource` (`weather_id`, `owner_id`, `contributor_id`, `weather_type`) VALUE (176, 4, 1, "RAINY");
insert into `weather_resource` (`weather_id`, `owner_id`, `contributor_id`, `weather_type`) VALUE (177, 4, 1, "SUNNY");
insert into `weather_resource` (`weather_id`, `owner_id`, `contributor_id`, `weather_type`) VALUE (178, 4, 1, "RAINY");
insert into `weather_resource` (`weather_id`, `owner_id`, `contributor_id`, `weather_type`) VALUE (179, 4, 1, "SUNNY");
insert into `weather_resource` (`weather_id`, `owner_id`, `contributor_id`, `weather_type`) VALUE (180, 4, 1, "RAINY");
insert into `weather_resource` (`weather_id`, `owner_id`, `contributor_id`, `weather_type`) VALUE (181, 4, 1, "SUNNY");
insert into `weather_resource` (`weather_id`, `owner_id`, `contributor_id`, `weather_type`) VALUE (182, 4, 1, "RAINY");
insert into `weather_resource` (`weather_id`, `owner_id`, `contributor_id`, `weather_type`) VALUE (183, 4, 1, "SUNNY");
insert into `weather_resource` (`weather_id`, `owner_id`, `contributor_id`, `weather_type`) VALUE (184, 4, 1, "RAINY");
insert into `weather_resource` (`weather_id`, `owner_id`, `contributor_id`, `weather_type`) VALUE (185, 4, 1, "SUNNY");
insert into `weather_resource` (`weather_id`, `owner_id`, `contributor_id`, `weather_type`) VALUE (186, 4, 1, "RAINY");
insert into `weather_resource` (`weather_id`, `owner_id`, `contributor_id`, `weather_type`) VALUE (187, 4, 1, "SUNNY");
insert into `weather_resource` (`weather_id`, `owner_id`, `contributor_id`, `weather_type`) VALUE (188, 4, 1, "RAINY");
insert into `weather_resource` (`weather_id`, `owner_id`, `contributor_id`, `weather_type`) VALUE (189, 4, 1, "SUNNY");
insert into `weather_resource` (`weather_id`, `owner_id`, `contributor_id`, `weather_type`) VALUE (190, 4, 1, "RAINY");
insert into `weather_resource` (`weather_id`, `owner_id`, `contributor_id`, `weather_type`) VALUE (191, 4, 1, "SUNNY");
insert into `weather_resource` (`weather_id`, `owner_id`, `contributor_id`, `weather_type`) VALUE (192, 4, 1, "RAINY");
insert into `weather_resource` (`weather_id`, `owner_id`, `contributor_id`, `weather_type`) VALUE (193, 4, 1, "SUNNY");
insert into `weather_resource` (`weather_id`, `owner_id`, `contributor_id`, `weather_type`) VALUE (194, 4, 1, "RAINY");
insert into `weather_resource` (`weather_id`, `owner_id`, `contributor_id`, `weather_type`) VALUE (195, 4, 1, "SUNNY");
insert into `weather_resource` (`weather_id`, `owner_id`, `contributor_id`, `weather_type`) VALUE (196, 4, 1, "RAINY");
insert into `weather_resource` (`weather_id`, `owner_id`, `contributor_id`, `weather_type`) VALUE (197, 4, 1, "SUNNY");
insert into `weather_resource` (`weather_id`, `owner_id`, `contributor_id`, `weather_type`) VALUE (198, 4, 1, "RAINY");
insert into `comment` (`comment_id`, `post_id`, `par_comment_id`, `pri_comment_id`, `members_id`, `content`) VALUE (11, 1, null, null, 1, "정신나갈거같애");
insert into `comment` (`comment_id`, `post_id`, `par_comment_id`, `pri_comment_id`, `members_id`, `content`) VALUE (12, 1, null, null, 1, "정신나갈거같애");
insert into `comment` (`comment_id`, `post_id`, `par_comment_id`, `pri_comment_id`, `members_id`, `content`) VALUE (13, 1, null, null, 1, "정신나갈거같애");
insert into `comment` (`comment_id`, `post_id`, `par_comment_id`, `pri_comment_id`, `members_id`, `content`) VALUE (14, 1, null, null, 1, "정신나갈거같애");
insert into `comment` (`comment_id`, `post_id`, `par_comment_id`, `pri_comment_id`, `members_id`, `content`) VALUE (15, 1, null, null, 1, "정신나갈거같애");
insert into `comment` (`comment_id`, `post_id`, `par_comment_id`, `pri_comment_id`, `members_id`, `content`) VALUE (16, 1, null, null, 1, "정신나갈거같애");
insert into `comment` (`comment_id`, `post_id`, `par_comment_id`, `pri_comment_id`, `members_id`, `content`) VALUE (17, 1, null, null, 1, "정신나갈거같애");
insert into `comment` (`comment_id`, `post_id`, `par_comment_id`, `pri_comment_id`, `members_id`, `content`) VALUE (18, 1, null, null, 1, "정신나갈거같애");
insert into `comment` (`comment_id`, `post_id`, `par_comment_id`, `pri_comment_id`, `members_id`, `content`) VALUE (19, 1, null, null, 1, "정신나갈거같애");
insert into `comment` (`comment_id`, `post_id`, `par_comment_id`, `pri_comment_id`, `members_id`, `content`) VALUE (20, 1, null, null, 1, "정신나갈거같애");
insert into `comment` (`comment_id`, `post_id`, `par_comment_id`, `pri_comment_id`, `members_id`, `content`) VALUE (21, 1, null, null, 1, "정신나갈거같애");
insert into `comment` (`comment_id`, `post_id`, `par_comment_id`, `pri_comment_id`, `members_id`, `content`) VALUE (22, 1, null, null, 1, "정신나갈거같애");
insert into `comment` (`comment_id`, `post_id`, `par_comment_id`, `pri_comment_id`, `members_id`, `content`) VALUE (23, 1, null, null, 1, "정신나갈거같애");
insert into `comment` (`comment_id`, `post_id`, `par_comment_id`, `pri_comment_id`, `members_id`, `content`) VALUE (24, 1, null, null, 1, "정신나갈거같애");
insert into `comment` (`comment_id`, `post_id`, `par_comment_id`, `pri_comment_id`, `members_id`, `content`) VALUE (25, 1, null, null, 1, "정신나갈거같애");
insert into `comment` (`comment_id`, `post_id`, `par_comment_id`, `pri_comment_id`, `members_id`, `content`) VALUE (26, 1, null, null, 1, "정신나갈거같애");
insert into `comment` (`comment_id`, `post_id`, `par_comment_id`, `pri_comment_id`, `members_id`, `content`) VALUE (27, 1, null, null, 1, "정신나갈거같애");
insert into `comment` (`comment_id`, `post_id`, `par_comment_id`, `pri_comment_id`, `members_id`, `content`) VALUE (28, 1, null, null, 1, "정신나갈거같애");
insert into `comment` (`comment_id`, `post_id`, `par_comment_id`, `pri_comment_id`, `members_id`, `content`) VALUE (29, 1, null, null, 1, "정신나갈거같애");
insert into `comment` (`comment_id`, `post_id`, `par_comment_id`, `pri_comment_id`, `members_id`, `content`) VALUE (30, 1, null, null, 1, "정신나갈거같애");
insert into `comment` (`comment_id`, `post_id`, `par_comment_id`, `pri_comment_id`, `members_id`, `content`) VALUE (31, 1, null, null, 1, "정신나갈거같애");
insert into `comment` (`comment_id`, `post_id`, `par_comment_id`, `pri_comment_id`, `members_id`, `content`) VALUE (32, 1, null, null, 1, "정신나갈거같애");
insert into `comment` (`comment_id`, `post_id`, `par_comment_id`, `pri_comment_id`, `members_id`, `content`) VALUE (33, 1, null, null, 1, "정신나갈거같애");
insert into `comment` (`comment_id`, `post_id`, `par_comment_id`, `pri_comment_id`, `members_id`, `content`) VALUE (34, 1, null, null, 1, "정신나갈거같애");
insert into `comment` (`comment_id`, `post_id`, `par_comment_id`, `pri_comment_id`, `members_id`, `content`) VALUE (35, 1, null, null, 1, "정신나갈거같애");
insert into `comment` (`comment_id`, `post_id`, `par_comment_id`, `pri_comment_id`, `members_id`, `content`) VALUE (36, 1, null, null, 1, "정신나갈거같애");
insert into `comment` (`comment_id`, `post_id`, `par_comment_id`, `pri_comment_id`, `members_id`, `content`) VALUE (37, 1, null, null, 1, "정신나갈거같애");
insert into `comment` (`comment_id`, `post_id`, `par_comment_id`, `pri_comment_id`, `members_id`, `content`) VALUE (38, 1, null, null, 1, "정신나갈거같애");
insert into `comment` (`comment_id`, `post_id`, `par_comment_id`, `pri_comment_id`, `members_id`, `content`) VALUE (39, 1, null, null, 1, "정신나갈거같애");
insert into `comment` (`comment_id`, `post_id`, `par_comment_id`, `pri_comment_id`, `members_id`, `content`) VALUE (40, 1, null, null, 1, "정신나갈거같애");
insert into `comment` (`comment_id`, `post_id`, `par_comment_id`, `pri_comment_id`, `members_id`, `content`) VALUE (41, 1, null, null, 1, "정신나갈거같애");
insert into `comment` (`comment_id`, `post_id`, `par_comment_id`, `pri_comment_id`, `members_id`, `content`) VALUE (42, 1, null, null, 1, "정신나갈거같애");
insert into `comment` (`comment_id`, `post_id`, `par_comment_id`, `pri_comment_id`, `members_id`, `content`) VALUE (43, 1, null, null, 1, "정신나갈거같애");
insert into `comment` (`comment_id`, `post_id`, `par_comment_id`, `pri_comment_id`, `members_id`, `content`) VALUE (44, 1, null, null, 1, "정신나갈거같애");
insert into `comment` (`comment_id`, `post_id`, `par_comment_id`, `pri_comment_id`, `members_id`, `content`) VALUE (45, 1, null, null, 1, "정신나갈거같애");
insert into `comment` (`comment_id`, `post_id`, `par_comment_id`, `pri_comment_id`, `members_id`, `content`) VALUE (46, 1, null, null, 1, "정신나갈거같애");
insert into `comment` (`comment_id`, `post_id`, `par_comment_id`, `pri_comment_id`, `members_id`, `content`) VALUE (47, 1, null, null, 1, "정신나갈거같애");
insert into `comment` (`comment_id`, `post_id`, `par_comment_id`, `pri_comment_id`, `members_id`, `content`) VALUE (48, 1, null, null, 1, "정신나갈거같애");
insert into `comment` (`comment_id`, `post_id`, `par_comment_id`, `pri_comment_id`, `members_id`, `content`) VALUE (49, 1, null, null, 1, "정신나갈거같애");
insert into `comment` (`comment_id`, `post_id`, `par_comment_id`, `pri_comment_id`, `members_id`, `content`) VALUE (50, 1, null, null, 1, "정신나갈거같애");
insert into `notification` (`notification_id`, `message`, `member_id`, `message_type`, `reference_key`) VALUE (1, "장운창님이 회원님을 팔로우 했습니다.", 1, "FOLLOW", 2);
insert into `notification` (`notification_id`, `message`, `member_id`, `message_type`, `reference_key`) VALUE (2, "조원희님이 회원님을 팔로우 했습니다.", 2, "FOLLOW", 3);
insert into `notification` (`notification_id`, `message`, `member_id`, `message_type`, `reference_key`) VALUE (3, "김주하님이 회원님을 팔로우 했습니다.", 3, "FOLLOW", 4);
insert into `notification` (`notification_id`, `message`, `member_id`, `message_type`, `reference_key`) VALUE (4, "김지환님이 회원님을 팔로우 했습니다.", 4, "FOLLOW", 5);
insert into `notification` (`notification_id`, `message`, `member_id`, `message_type`, `reference_key`) VALUE (5, "임범규님이 회원님을 팔로우 했습니다.", 5, "FOLLOW", 6);
insert into `notification` (`notification_id`, `message`, `member_id`, `message_type`, `reference_key`) VALUE (6, "김성태님이 회원님을 팔로우 했습니다.", 6, "FOLLOW", 1);
insert into `notification` (`notification_id`, `message`, `member_id`, `message_type`, `reference_key`) VALUE (7, "김성태님이 새로운 글을 작성했습니다.", 1, "NEWFEED", 2);
insert into `notification` (`notification_id`, `message`, `member_id`, `message_type`, `reference_key`) VALUE (8, "김성태님이 새로운 글을 작성했습니다.", 2, "NEWFEED", 2);
insert into `notification` (`notification_id`, `message`, `member_id`, `message_type`, `reference_key`) VALUE (9, "김성태님이 새로운 글을 작성했습니다.", 3, "NEWFEED", 2);
insert into `notification` (`notification_id`, `message`, `member_id`, `message_type`, `reference_key`) VALUE (10, "김성태님이 새로운 글을 작성했습니다.", 4, "NEWFEED", 2);
insert into `notification` (`notification_id`, `message`, `member_id`, `message_type`, `reference_key`) VALUE (11, "김성태님이 새로운 글을 작성했습니다.", 5, "NEWFEED", 2);
insert into `notification` (`notification_id`, `message`, `member_id`, `message_type`, `reference_key`) VALUE (12, "김성태님이 새로운 글을 작성했습니다.", 6, "NEWFEED", 2);
insert into `flower` (`flower_id`, `name`, `state`, `members_id`, `height`, `created_at`, `blossom_at`, `flower_type`, `gardening`) VALUE (1, "춘식이", "S3R1", 4, 30, "23-02-05", "23-02-08", "TulipRed", true);
insert into `flower` (`flower_id`, `name`, `state`, `members_id`, `height`, `created_at`, `blossom_at`, `flower_type`, `gardening`) VALUE (2, "석삼이", "S3R1", 4, 32, "23-02-05", "23-02-08", "TulipOrange", true);
insert into `flower` (`flower_id`, `name`, `state`, `members_id`, `height`, `created_at`, `blossom_at`, `flower_type`, `gardening`) VALUE (3, "너구리", "S2R1", 4, 34, "23-02-05", "23-02-08", "TulipYellow", true);
insert into `weather_resource` (`weather_id`, `owner_id`, `contributor_id`, `weather_type`, `flower_id`) VALUE (199, 1, 4, "SUNNY", 1);
insert into `weather_resource` (`weather_id`, `owner_id`, `contributor_id`, `weather_type`, `flower_id`) VALUE (200, 1, 4, "SUNNY", 1);
insert into `weather_resource` (`weather_id`, `owner_id`, `contributor_id`, `weather_type`, `flower_id`) VALUE (201, 1, 4, "SUNNY", 1);
insert into `weather_resource` (`weather_id`, `owner_id`, `contributor_id`, `weather_type`, `flower_id`) VALUE (202, 1, 4, "SUNNY", 1);
insert into `weather_resource` (`weather_id`, `owner_id`, `contributor_id`, `weather_type`, `flower_id`) VALUE (203, 1, 4, "SUNNY", 1);
insert into `weather_resource` (`weather_id`, `owner_id`, `contributor_id`, `weather_type`, `flower_id`) VALUE (204, 3, 4, "SUNNY", 1);
insert into `weather_resource` (`weather_id`, `owner_id`, `contributor_id`, `weather_type`, `flower_id`) VALUE (205, 3, 4, "SUNNY", 1);
insert into `weather_resource` (`weather_id`, `owner_id`, `contributor_id`, `weather_type`, `flower_id`) VALUE (206, 3, 4, "SUNNY", 1);
insert into `weather_resource` (`weather_id`, `owner_id`, `contributor_id`, `weather_type`, `flower_id`) VALUE (207, 3, 4, "SUNNY", 1);
insert into `weather_resource` (`weather_id`, `owner_id`, `contributor_id`, `weather_type`, `flower_id`) VALUE (208, 3, 4, "SUNNY", 1);
insert into `weather_resource` (`weather_id`, `owner_id`, `contributor_id`, `weather_type`, `flower_id`) VALUE (209, 1, 4, "SUNNY", 1);
insert into `weather_resource` (`weather_id`, `owner_id`, `contributor_id`, `weather_type`, `flower_id`) VALUE (210, 1, 4, "SUNNY", 1);
insert into `weather_resource` (`weather_id`, `owner_id`, `contributor_id`, `weather_type`, `flower_id`) VALUE (211, 1, 4, "SUNNY", 1);
insert into `weather_resource` (`weather_id`, `owner_id`, `contributor_id`, `weather_type`, `flower_id`) VALUE (212, 1, 4, "SUNNY", 1);
insert into `weather_resource` (`weather_id`, `owner_id`, `contributor_id`, `weather_type`, `flower_id`) VALUE (213, 1, 4, "SUNNY", 1);
insert into `weather_resource` (`weather_id`, `owner_id`, `contributor_id`, `weather_type`, `flower_id`) VALUE (214, 3, 4, "SUNNY", 1);
insert into `weather_resource` (`weather_id`, `owner_id`, `contributor_id`, `weather_type`, `flower_id`) VALUE (215, 3, 4, "SUNNY", 1);
insert into `weather_resource` (`weather_id`, `owner_id`, `contributor_id`, `weather_type`, `flower_id`) VALUE (216, 3, 4, "SUNNY", 1);
insert into `weather_resource` (`weather_id`, `owner_id`, `contributor_id`, `weather_type`, `flower_id`) VALUE (217, 3, 4, "SUNNY", 1);
insert into `weather_resource` (`weather_id`, `owner_id`, `contributor_id`, `weather_type`, `flower_id`) VALUE (218, 6, 4, "SUNNY", 1);
insert into `weather_resource` (`weather_id`, `owner_id`, `contributor_id`, `weather_type`, `flower_id`) VALUE (219, 1, 4, "SUNNY", 1);
insert into `weather_resource` (`weather_id`, `owner_id`, `contributor_id`, `weather_type`, `flower_id`) VALUE (220, 1, 4, "SUNNY", 1);
insert into `weather_resource` (`weather_id`, `owner_id`, `contributor_id`, `weather_type`, `flower_id`) VALUE (221, 1, 4, "SUNNY", 1);
insert into `weather_resource` (`weather_id`, `owner_id`, `contributor_id`, `weather_type`, `flower_id`) VALUE (222, 1, 4, "SUNNY", 1);
insert into `weather_resource` (`weather_id`, `owner_id`, `contributor_id`, `weather_type`, `flower_id`) VALUE (223, 1, 4, "SUNNY", 1);
insert into `weather_resource` (`weather_id`, `owner_id`, `contributor_id`, `weather_type`, `flower_id`) VALUE (224, 3, 4, "SUNNY", 1);
insert into `weather_resource` (`weather_id`, `owner_id`, `contributor_id`, `weather_type`, `flower_id`) VALUE (225, 3, 4, "SUNNY", 1);
insert into `weather_resource` (`weather_id`, `owner_id`, `contributor_id`, `weather_type`, `flower_id`) VALUE (226, 3, 4, "SUNNY", 1);
insert into `weather_resource` (`weather_id`, `owner_id`, `contributor_id`, `weather_type`, `flower_id`) VALUE (227, 3, 4, "SUNNY", 1);
insert into `weather_resource` (`weather_id`, `owner_id`, `contributor_id`, `weather_type`, `flower_id`) VALUE (228, 3, 4, "SUNNY", 1);
insert into `weather_resource` (`weather_id`, `owner_id`, `contributor_id`, `weather_type`, `flower_id`) VALUE (229, 1, 4, "SUNNY", 1);
insert into `weather_resource` (`weather_id`, `owner_id`, `contributor_id`, `weather_type`, `flower_id`) VALUE (230, 1, 4, "SUNNY", 1);
insert into `weather_resource` (`weather_id`, `owner_id`, `contributor_id`, `weather_type`, `flower_id`) VALUE (231, 1, 4, "SUNNY", 1);
insert into `weather_resource` (`weather_id`, `owner_id`, `contributor_id`, `weather_type`, `flower_id`) VALUE (232, 1, 4, "SUNNY", 1);
insert into `weather_resource` (`weather_id`, `owner_id`, `contributor_id`, `weather_type`, `flower_id`) VALUE (233, 1, 4, "SUNNY", 1);
insert into `weather_resource` (`weather_id`, `owner_id`, `contributor_id`, `weather_type`, `flower_id`) VALUE (234, 1, 4, "SUNNY", 1);
insert into `weather_resource` (`weather_id`, `owner_id`, `contributor_id`, `weather_type`, `flower_id`) VALUE (235, 3, 4, "SUNNY", 1);
insert into `weather_resource` (`weather_id`, `owner_id`, `contributor_id`, `weather_type`, `flower_id`) VALUE (236, 3, 4, "SUNNY", 1);
insert into `weather_resource` (`weather_id`, `owner_id`, `contributor_id`, `weather_type`, `flower_id`) VALUE (237, 3, 4, "SUNNY", 1);
insert into `weather_resource` (`weather_id`, `owner_id`, `contributor_id`, `weather_type`, `flower_id`) VALUE (238, 3, 4, "SUNNY", 1);
insert into `weather_resource` (`weather_id`, `owner_id`, `contributor_id`, `weather_type`, `flower_id`) VALUE (239, 3, 4, "SUNNY", 1);
insert into `weather_resource` (`weather_id`, `owner_id`, `contributor_id`, `weather_type`, `flower_id`) VALUE (240, 3, 4, "SUNNY", 1);
insert into `weather_resource` (`weather_id`, `owner_id`, `contributor_id`, `weather_type`, `flower_id`) VALUE (241, 3, 4, "SUNNY", 1);
insert into `weather_resource` (`weather_id`, `owner_id`, `contributor_id`, `weather_type`, `flower_id`) VALUE (242, 1, 4, "SUNNY", 1);
insert into `weather_resource` (`weather_id`, `owner_id`, `contributor_id`, `weather_type`, `flower_id`) VALUE (243, 1, 4, "SUNNY", 1);
insert into `weather_resource` (`weather_id`, `owner_id`, `contributor_id`, `weather_type`, `flower_id`) VALUE (244, 1, 4, "SUNNY", 1);
insert into `weather_resource` (`weather_id`, `owner_id`, `contributor_id`, `weather_type`, `flower_id`) VALUE (245, 3, 4, "SUNNY", 1);
insert into `weather_resource` (`weather_id`, `owner_id`, `contributor_id`, `weather_type`, `flower_id`) VALUE (246, 3, 4, "SUNNY", 1);
insert into `weather_resource` (`weather_id`, `owner_id`, `contributor_id`, `weather_type`, `flower_id`) VALUE (247, 3, 4, "SUNNY", 1);
insert into `weather_resource` (`weather_id`, `owner_id`, `contributor_id`, `weather_type`, `flower_id`) VALUE (248, 6, 4, "SUNNY", 1);
insert into `attendance` (`attendance_id`, `members_id`, `login_date`) VALUE (1, 4, "2023-02-01");
insert into `attendance` (`attendance_id`, `members_id`, `login_date`) VALUE (2, 4, "2023-02-02");
insert into `attendance` (`attendance_id`, `members_id`, `login_date`) VALUE (3, 4, "2023-02-03");
insert into `attendance` (`attendance_id`, `members_id`, `login_date`) VALUE (4, 4, "2023-02-04");
insert into `attendance` (`attendance_id`, `members_id`, `login_date`) VALUE (5, 4, "2023-02-05");
insert into `attendance` (`attendance_id`, `members_id`, `login_date`) VALUE (6, 4, "2023-02-06");
insert into `attendance` (`attendance_id`, `members_id`, `login_date`) VALUE (7, 4, "2023-02-07");
insert into `attendance` (`attendance_id`, `members_id`, `login_date`) VALUE (8, 4, "2023-02-08");
insert into `attendance` (`attendance_id`, `members_id`, `login_date`) VALUE (9, 4, "2023-02-09");
insert into `attendance` (`attendance_id`, `members_id`, `login_date`) VALUE (10, 4, "2023-02-10");
insert into `attendance` (`attendance_id`, `members_id`, `login_date`) VALUE (11, 4, "2023-02-11");
insert into `attendance` (`attendance_id`, `members_id`, `login_date`) VALUE (12, 4, "2023-02-12");
