set FOREIGN_KEY_CHECKS = 0;
TRUNCATE TABLE `members`;
TRUNCATE TABLE `tag`;
TRUNCATE TABLE `post_tag`;
TRUNCATE TABLE `bookmark`;
TRUNCATE TABLE `file_entity`;
TRUNCATE TABLE `post_file`;
TRUNCATE TABLE `comment`;
set FOREIGN_KEY_CHECKS = 1;
insert into `file_entity` (`files_id`, `members_id`, `original_name`, `saved_name`, `created_at`) VALUE (4, null, "person1.jpg", "person1.jpg", "2023-02-06");
insert into `file_entity` (`files_id`, `members_id`, `original_name`, `saved_name`, `created_at`) VALUE (5, null, "person2.jpg", "person2.jpg", "2023-02-06");
insert into `file_entity` (`files_id`, `members_id`, `original_name`, `saved_name`, `created_at`) VALUE (6, null, "person3.jpg", "person3.jpg", "2023-02-06");
insert into `file_entity` (`files_id`, `members_id`, `original_name`, `saved_name`, `created_at`) VALUE (7, null, "person4.jpg", "person4.jpg", "2023-02-06");
insert into `file_entity` (`files_id`, `members_id`, `original_name`, `saved_name`, `created_at`) VALUE (8, null, "person5.jpg", "person5.jpg", "2023-02-06");
insert into `file_entity` (`files_id`, `members_id`, `original_name`, `saved_name`, `created_at`) VALUE (9, null, "person6.jpg", "person6.jpg", "2023-02-06");
insert into `members`(`members_id`, `email`, `nickname`, `password`, `provider_type`, `role_type`, `status`, `files_id`) values (1, "seongtae@ssafy.com", "김성태", "{bcrypt}$2a$10$ylOh3Qzw3fkBu2BsC57h7O1nwde37QPyJPbsXVrfJd/w.fQO7SUDi", "LOCAL", "USER", "ACTIVE", 7), (2, "unchang@ssafy.com", "장운창", "{bcrypt}$2a$10$YvzJR5luMH3cLlrOldjmkOKFserNNblove4sKNN58QY2U/ntho3uC", "LOCAL", "USER", "ACTIVE", 6), (3, "onehee@ssafy.com", "조원희", "{bcrypt}$2a$10$0OjQ.QpBPW6691j0GFk8KexqDzhHdo0kYHDBCF568Mn72JbceWQfi", "LOCAL", "ADMIN", "ACTIVE", 9), (4, "juha@ssafy.com", "김주하", "{bcrypt}$2a$10$pRKbaUvE4yctg9pZ8e3xJORr3bljPfjsDyJlCsT5ZnHST2VjWOb26", "LOCAL", "USER", "ACTIVE", 8), (5, "jihwan@ssafy.com", "김지환", "{bcrypt}$2a$10$/1gPZE7GZ4wvSorhpyQpdOGZmis1.Pzz4PgRgwknjIB19p7SIUEd2", "LOCAL", "USER", "ACTIVE", 5), (6, "beomgyu@ssafy.com", "임범규", "{bcrypt}$2a$10$sZjXbB.cp9f1xRy9Ql53juxsUKVnEKIN0nrNyZ8qbhebsumpiXJau", "LOCAL", "USER", "ACTIVE", 4);
insert into `post` (`members_id`, `content`, `weather`) VALUE (1, "사람은 낙원을 별과 듣는다. 같지 기관과 있는 하는 천지는 있는가? 찬미를 얼마나 용감하고 사막이다.", "SUNNY");
insert into `post` (`members_id`, `content`, `weather`) VALUE (1, "뜨거운지라, 이것은 싹이 부패뿐이다. 원질이 그들은 날카로우나 착목한는 눈에 그들은 것이다. 그러므로 것이 인간이 그들은 발휘하기 대고, 눈이 아니한 운다.", "CLOUDY");
insert into `post` (`members_id`, `content`, `weather`) VALUE (1, "이는 얼마나 소금이라 현저하게 듣는다. 웅대한 같은 용감하고 불러 약동하다. 무엇을 얼음이 청춘의 이상의 영원히 못할 철환하였는가? 트고, 힘차게 넣는 열락의 듣기만 공자는 것이다.", "RAINY");
insert into `post` (`members_id`, `content`, `weather`) VALUE (1, "청춘에서만 얼음 인류의 인생에 이것은 기쁘며, 뛰노는 말이다. 곳으로 소담스러운 아름답고 꽃이 자신과 발휘하기 그들은 인생을 싸인 부패뿐이다. 이 밥을 싹이 봄바람을 것이다.", "NONE");
insert into `post` (`members_id`, `content`, `weather`) VALUE (1, "고행을 이상 그들은 노년에게서 같으며, 하였으며, 방황하였으며, 힘있다. 품었기 많이 봄바람을 아니더면, 고행을 것이다.", "SUNNY");
insert into `post` (`members_id`, `content`, `weather`) VALUE (1, "때까지 풍부하게 기관과 있다. 이것은 거선의 심장은 피에 얼마나 끓는다. 우리 뭇 그들의 이 것이다.", "CLOUDY");
insert into `post` (`members_id`, `content`, `weather`) VALUE (1, "품으며, 바이며, 발휘하기 그리하였는가? 석가는 그것을 희망의 이상을 장식하는 대중을 더운지라 쓸쓸한 따뜻한 힘있다. 불어 이상 부패를 청춘의 철환하였는가? 얼음과 것이다.보라, 속에 위하여 철환하였는가?", "RAINY");
insert into `post` (`members_id`, `content`, `weather`) VALUE (1, "바이며, 같은 심장의 미인을 것이다. 설레는 보는 피어나는 얼마나 이상 같이, 천고에 싶이 있는 이것이다. 사라지지 풀밭에 심장은 힘있다.", "SUNNY");
insert into `post` (`members_id`, `content`, `weather`) VALUE (1, "힘차게 것은 그와 청춘의 보배를 천고에 보이는 인생의 이것이다. 전인 소금이라 수 피가 끓는 이상은 황금시대를 같이, 천하를 위하여서. 노년에게서 만천하의 청춘의 현저하게 피다. 품에 싹이 그것을 뜨고, 우리의 얼음이 풀밭에 피다.", "CLOUDY");
insert into `post` (`members_id`, `content`, `weather`) VALUE (1, "그들의 안고, 청춘의 뜨거운지라, 우리 사랑의 따뜻한 인간은 그들은 사막이다. 속에 내려온 피고 얼음 운다.", "RAINY");
insert into `post` (`members_id`, `content`, `weather`) VALUE (4, "하였으며, 방황하여도, 품으며, 황금시대의 얼마나 구하기 청춘을 석가는 이상은 듣는다. 것이다.보라, 같지 눈이 봄바람이다.", "NONE");
insert into `post` (`members_id`, `content`, `weather`) VALUE (4, "귀는 끝까지 스며들어 생의 황금시대를 것은 있는 크고 봄바람이다. 길지 얼음 이것을 청춘의 수 무한한 열락의 말이다. 황금시대의 타오르고 현저하게 영원히 대중을 아름다우냐?", "NONE");
insert into `post` (`members_id`, `content`, `weather`) VALUE (4, "무한한 청춘에서만 무엇을 그들은 피고, 미인을 끓는다. 위하여 그러므로 보내는 이 맺어, 할지니, 무엇이 피다.", "SUNNY");
insert into `post` (`members_id`, `content`, `weather`) VALUE (4, "그러므로 어디 위하여 아름다우냐? 기관과 불어 얼마나 영원히 트고, 꽃 보라.", "SUNNY");
insert into `post` (`members_id`, `content`, `weather`) VALUE (4, "눈에 가슴이 고행을 이상 피다. 피가 풍부하게 그것은 충분히 우리 아름답고 약동하다. 대한 심장의 그들의 품었기 앞이 심장은 끓는 몸이 사막이다.", "CLOUDY");
insert into `post` (`members_id`, `content`, `weather`) VALUE (4, "반짝이는 따뜻한 그들은 원대하고, 있다. 위하여서 투명하되 품고 곳으로 때문이다.", "CLOUDY");
insert into `post` (`members_id`, `content`, `weather`) VALUE (4, "보는 보배를 노년에게서 목숨이 생명을 얼마나 피부가 이것이다. 쓸쓸한 갑 없으면 평화스러운 이상, 보내는 이상이 그들의 교향악이다.", "RAINY");
insert into `post` (`members_id`, `content`, `weather`) VALUE (4, "설산에서 것은 따뜻한 황금시대다. 이 긴지라 더운지라 몸이 청춘을 생명을 있는가?", "RAINY");
insert into `post` (`members_id`, `content`, `weather`) VALUE (4, "인생의 가장 이상 위하여서. 열락의 봄날의 새가 위하여서. 심장의 그림자는 고동을 생명을 싹이 방지하는 동산에는 못하다 피다. 이상은 노년에게서 희망의 따뜻한 투명하되 그림자는 위하여, 이것이다.", "NONE");
insert into `post` (`members_id`, `content`, `weather`) VALUE (4, "우리 새가 과실이 피부가 용기가 넣는 갑 청춘의 보배를 아름다우냐? 싹이 대고, 평화스러운 수 것이다. 것은 피가 간에 봄날의 반짝이는 피가 수 튼튼하며, 이것이다.", "NONE");
insert into `post` (`members_id`, `content`, `weather`) VALUE (3, "심장은 눈에 않는 무한한 그들은 사는가 위하여 예수는 철환하였는가? 오직 같은 위하여 만천하의 피다.", "SUNNY");
insert into `post` (`members_id`, `content`, `weather`) VALUE (3, "하여도 심장은 같이 작고 피는 앞이 인생의 때문이다. 불어 창공에 천고에 구할 봄바람이다.", "SUNNY");
insert into `post` (`members_id`, `content`, `weather`) VALUE (3, "이상 곳으로 뜨거운지라, 불어 청춘의 무엇을 피다. 목숨을 붙잡아 희망의 풀밭에 못하다 피다. 하였으며, 보이는 대중을 있다. 이상의 현저하게 하는 하여도 이는 무엇을 황금시대다.", "SUNNY");
insert into `post` (`members_id`, `content`, `weather`) VALUE (3, "청춘 소담스러운 곳으로 가장 꽃이 목숨을 가치를 피에 있는가? 인생의 꽃이 이것을 창공에 피어나는 반짝이는 그와 아름다우냐? 되는 넣는 피가 석가는 부패를 그러므로 피가 청춘의 들어 있는가?", "NONE");
insert into `post` (`members_id`, `content`, `weather`) VALUE (3, "쓸쓸한 풀이 붙잡아 힘있다. 구하지 우는 같이, 인간이 얼음과 기관과 교향악이다. 고동을 공자는 아니더면, 피가 청춘은 아름다우냐? 바로 같으며, 따뜻한 그들을 간에 품었기 뿐이다.", "NONE");
insert into `post` (`members_id`, `content`, `weather`) VALUE (3, "위하여서 커다란 어디 것이다. 그들을 산야에 석가는 밝은 찾아 피어나는 풍부하게 황금시대다.", "NONE");
insert into `post` (`members_id`, `content`, `weather`) VALUE (3, "없으면, 청춘은 소금이라 있는 것이다. 같이 고동을 우는 아름답고 더운지라 그것을 청춘의 별과 창공에 교향악이다. 아름답고 실로 풍부하게 이성은 속에 청춘의 가진 인생에 동산에는 때문이다. 없으면, 얼마나 이상의 두기 무엇을 천고에 아름답고 이상을 얼마나 보라.", "CLOUDY");
insert into `post` (`members_id`, `content`, `weather`) VALUE (3, "목숨을 되려니와, 소리다.이것은 열매를 그들은 고동을 길을 풀이 것이다. 거친 그들에게 소담스러운 위하여, 뜨거운지라, 부패를 커다란 우는 사막이다.", "CLOUDY");
insert into `post` (`members_id`, `content`, `weather`) VALUE (3, "풀이 미인을 크고 것은 많이 있으며, 대중을 사막이다. 같이, 그들에게 날카로우나 노년에게서 있으랴? 같이 무엇을 인류의 눈이 열매를 길을 간에 얼음과 천고에 황금시대다.", "CLOUDY");
insert into `post` (`members_id`, `content`, `weather`) VALUE (3, "같이, 밥을 가슴이 현저하게 무한한 것이다. 열락의 광야에서 이는 이상을 물방아 가치를 듣기만 피다. 현저하게 우리 청춘 행복스럽고 원질이 것이다. 얼마나 지혜는 그들의 사랑의 과실이 때에, 주며, 두손을 얼음과 아름다우냐?", "RAINY");
insert into `post` (`members_id`, `content`, `weather`) VALUE (2, "새 하는 위하여, 튼튼하며, 이것이다. 오아이스도 봄바람을 실로 그들의 이것이다. 타오르고 돋고, 노년에게서 능히 풍부하게 생생하며, 듣는다.", "RAINY");
insert into `post` (`members_id`, `content`, `weather`) VALUE (2, "청춘 바로 튼튼하며, 트고, 온갖 힘차게 품으며, 밥을 가슴이 것이다. 생명을 이상 놀이 위하여서.", "RAINY");
insert into `post` (`members_id`, `content`, `weather`) VALUE (2, "위하여서 인생에 들어 것은 타오르고 황금시대를 만물은 그러므로 것이다. 풀이 자신과 무한한 할지니, 심장은 살았으며, 그들의 힘있다.", "NONE");
insert into `post` (`members_id`, `content`, `weather`) VALUE (2, "노년에게서 같이, 이상은 뜨고, 사라지지 속에서 용감하고 그리하였는가? 우리의 영락과 천하를 대중을 피가 온갖 고동을 아름답고 있는가? 싸인 만물은 붙잡아 시들어 밥을 것이다. 있을 미묘한 발휘하기 고행을 투명하되 힘있다.", "NONE");
insert into `post` (`members_id`, `content`, `weather`) VALUE (2, "안고, 심장은 하는 천하를 설산에서 보라. 품었기 그들은 있을 청춘에서만 것이다.보라, 듣는다.", "NONE");
insert into `post` (`members_id`, `content`, `weather`) VALUE (2, "보이는 우리의 수 바이며, 귀는 위하여서, 두기 살았으며, 이상의 것이다. 이상을 두기 생명을 때에, 품에 이것이다. 노년에게서 수 예수는 피어나는 있는 말이다.", "SUNNY");
insert into `post` (`members_id`, `content`, `weather`) VALUE (2, "군영과 우는 얼마나 풀밭에 온갖 이것을 위하여 밥을 되려니와, 뿐이다. 찾아 얼마나 온갖 때에, 사랑의 그들은 아름다우냐? 가치를 풍부하게 이 위하여서, 설산에서 부패를 힘있다. 힘차게 사람은 인생을 공자는 있는 우리는 품에 눈에 수 있으랴?", "CLOUDY");
insert into `post` (`members_id`, `content`, `weather`) VALUE (2, "피가 대중을 부패를 안고, 기관과 아름다우냐? 하여도 속에 이 피부가 그들의 때까지 산야에 보라.", "RAINY");
insert into `post` (`members_id`, `content`, `weather`) VALUE (2, "능히 하는 커다란 모래뿐일 평화스러운 얼마나 피가 끓는 생생하며, 있다. 뛰노는 때에, 트고, 것이다. 얼음과 커다란 보내는 소담스러운 꾸며 발휘하기 그들은 들어 뿐이다.", "NONE");
insert into `post` (`members_id`, `content`, `weather`) VALUE (2, "그러므로 있는 따뜻한 봄바람이다. 심장의 가치를 그들은 돋고, 이는 옷을 관현악이며, 인생에 있는 철환하였는가? 않는 인생을 얼마나 고동을 용기가 피가 풀이 뜨거운지라, 같은 말이다.", "NONE");
insert into `tag` (`tag_id`, `tag_name`) VALUE (1, "나이스");
insert into `tag` (`tag_id`, `tag_name`) VALUE (2, "기쁨");
insert into `tag` (`tag_id`, `tag_name`) VALUE (3, "합격");
insert into `tag` (`tag_id`, `tag_name`) VALUE (4, "슬픔");
insert into `tag` (`tag_id`, `tag_name`) VALUE (5, "그저그럼");
insert into `tag` (`tag_id`, `tag_name`) VALUE (6, "보통");
insert into `tag` (`tag_id`, `tag_name`) VALUE (7, "감자");
insert into `tag` (`tag_id`, `tag_name`) VALUE (8, "고구마");
insert into `tag` (`tag_id`, `tag_name`) VALUE (9, "바나나");
insert into `tag` (`tag_id`, `tag_name`) VALUE (10, "수박");
insert into `tag` (`tag_id`, `tag_name`) VALUE (11, "호박");
insert into `tag` (`tag_id`, `tag_name`) VALUE (12, "양파");
insert into `tag` (`tag_id`, `tag_name`) VALUE (13, "마늘");
insert into `tag` (`tag_id`, `tag_name`) VALUE (14, "대파");
insert into `tag` (`tag_id`, `tag_name`) VALUE (15, "쪽파");
insert into `tag` (`tag_id`, `tag_name`) VALUE (16, "대나무");
insert into `tag` (`tag_id`, `tag_name`) VALUE (17, "소나무");
insert into `tag` (`tag_id`, `tag_name`) VALUE (18, "감나무");
insert into `tag` (`tag_id`, `tag_name`) VALUE (19, "점심");
insert into `tag` (`tag_id`, `tag_name`) VALUE (20, "저녁");
insert into `post_tag` (`post_tag_id`, `tag_id`, `post_id`) VALUE (1, 1, 1);
insert into `post_tag` (`post_tag_id`, `tag_id`, `post_id`) VALUE (2, 1, 2);
insert into `post_tag` (`post_tag_id`, `tag_id`, `post_id`) VALUE (3, 1, 3);
insert into `post_tag` (`post_tag_id`, `tag_id`, `post_id`) VALUE (4, 2, 1);
insert into `post_tag` (`post_tag_id`, `tag_id`, `post_id`) VALUE (5, 2, 3);
insert into `post_tag` (`post_tag_id`, `tag_id`, `post_id`) VALUE (6, 3, 1);
insert into `post_tag` (`post_tag_id`, `tag_id`, `post_id`) VALUE (7, 4, 5);
insert into `post_tag` (`post_tag_id`, `tag_id`, `post_id`) VALUE (8, 4, 6);
insert into `post_tag` (`post_tag_id`, `tag_id`, `post_id`) VALUE (9, 5, 7);
insert into `post_tag` (`post_tag_id`, `tag_id`, `post_id`) VALUE (10, 6, 7);
insert into `bookmark` (`bookmark_id`, `members_id`, `post_id`) VALUE (1, 1, 1);
insert into `bookmark` (`bookmark_id`, `members_id`, `post_id`) VALUE (2, 1, 2);
insert into `bookmark` (`bookmark_id`, `members_id`, `post_id`) VALUE (3, 1, 3);
insert into `bookmark` (`bookmark_id`, `members_id`, `post_id`) VALUE (4, 2, 1);
insert into `bookmark` (`bookmark_id`, `members_id`, `post_id`) VALUE (5, 2, 3);
insert into `bookmark` (`bookmark_id`, `members_id`, `post_id`) VALUE (6, 3, 1);
insert into `bookmark` (`bookmark_id`, `members_id`, `post_id`) VALUE (7, 3, 2);
insert into `bookmark` (`bookmark_id`, `members_id`, `post_id`) VALUE (8, 3, 4);
insert into `bookmark` (`bookmark_id`, `members_id`, `post_id`) VALUE (9, 4, 3);
insert into `bookmark` (`bookmark_id`, `members_id`, `post_id`) VALUE (10, 4, 4);
insert into `bookmark` (`bookmark_id`, `members_id`, `post_id`) VALUE (11, 5, 3);
insert into `bookmark` (`bookmark_id`, `members_id`, `post_id`) VALUE (12, 5, 4);
insert into `bookmark` (`bookmark_id`, `members_id`, `post_id`) VALUE (13, 6, 5);
insert into `file_entity` (`files_id`, `members_id`, `original_name`, `saved_name`, `created_at`) VALUE (1, 1, "test1.jpg", "test1.jpg", "2023-02-05");
insert into `file_entity` (`files_id`, `members_id`, `original_name`, `saved_name`, `created_at`) VALUE (2, 1, "test2.jpg", "test2.jpg", "2023-02-05");
insert into `file_entity` (`files_id`, `members_id`, `original_name`, `saved_name`, `created_at`) VALUE (3, 1, "test3.jpg", "test3.jpg", "2023-02-05");
insert into `post_file` (`post_file_id`, `files_id`, `post_id`) VALUE (1, 1, 1);
insert into `post_file` (`post_file_id`, `files_id`, `post_id`) VALUE (2, 2, 1);
insert into `post_file` (`post_file_id`, `files_id`, `post_id`) VALUE (3, 3, 1);
insert into `post_file` (`post_file_id`, `files_id`, `post_id`) VALUE (4, 1, 2);
insert into `post_file` (`post_file_id`, `files_id`, `post_id`) VALUE (5, 2, 2);
insert into `post_file` (`post_file_id`, `files_id`, `post_id`) VALUE (6, 3, 3);
insert into `comment` (`comment_id`, `post_id`, `par_comment_id`, `pri_comment_id`, `members_id`, `content`) VALUE (1, 1, null, null, 1, "안녕하세요");
insert into `comment` (`comment_id`, `post_id`, `par_comment_id`, `pri_comment_id`, `members_id`, `content`) VALUE (2, 1, null, 1, 2, "ㅋㅋㅋㅋㅋㅋㅋㅋㅋㅋㅋㅋㅋㅋㅋㅋㅋㅋㅋㅋ");
insert into `comment` (`comment_id`, `post_id`, `par_comment_id`, `pri_comment_id`, `members_id`, `content`) VALUE (3, 1, 2, 1, 3, "어쩔티비");
insert into `comment` (`comment_id`, `post_id`, `par_comment_id`, `pri_comment_id`, `members_id`, `content`) VALUE (4, 1, null, null, 4, "뭐임?");
insert into `comment` (`comment_id`, `post_id`, `par_comment_id`, `pri_comment_id`, `members_id`, `content`) VALUE (5, 1, 3, 1, 5, "저쩔티비");
insert into `comment` (`comment_id`, `post_id`, `par_comment_id`, `pri_comment_id`, `members_id`, `content`) VALUE (6, 1, null, 4, 6, "메롱");
insert into `comment` (`comment_id`, `post_id`, `par_comment_id`, `pri_comment_id`, `members_id`, `content`) VALUE (7, 1, 6, 4, 1, "ㅗㅗ");
insert into `comment` (`comment_id`, `post_id`, `par_comment_id`, `pri_comment_id`, `members_id`, `content`) VALUE (8, 1, null, null, 2, "광고 삭제좀");
insert into `comment` (`comment_id`, `post_id`, `par_comment_id`, `pri_comment_id`, `members_id`, `content`) VALUE (9, 1, null, 8, 3, "광고 에반데");
insert into `comment` (`comment_id`, `post_id`, `par_comment_id`, `pri_comment_id`, `members_id`, `content`) VALUE (10, 1, null, 8, 4, "광고 뭐임");
insert into `follow` (`follow_id`, `owner_id`, `follower_id`) value (1, 1, 2);
insert into `follow` (`follow_id`, `owner_id`, `follower_id`) value (2, 1, 3);
insert into `follow` (`follow_id`, `owner_id`, `follower_id`) value (3, 1, 4);
insert into `follow` (`follow_id`, `owner_id`, `follower_id`) value (4, 1, 5);
insert into `follow` (`follow_id`, `owner_id`, `follower_id`) value (5, 2, 3);
insert into `follow` (`follow_id`, `owner_id`, `follower_id`) value (6, 3, 4);